{
  "HTTP Request-1" : {
    "transaction" : "HTTP Request-1",
    "sampleCount" : 500,
    "errorCount" : 0,
    "errorPct" : 0.0,
    "meanResTime" : 157.19200000000004,
    "medianResTime" : 90.0,
    "minResTime" : 78.0,
    "maxResTime" : 2536.0,
    "pct1ResTime" : 500.0,
    "pct2ResTime" : 570.75,
    "pct3ResTime" : 991.95,
    "throughput" : 10.120638005019837,
    "receivedKBytesPerSec" : 21.856624716622136,
    "sentKBytesPerSec" : 1.2156625728685935
  },
  "Total" : {
    "transaction" : "Total",
    "sampleCount" : 1500,
    "errorCount" : 0,
    "errorPct" : 0.0,
    "meanResTime" : 170.2960000000001,
    "medianResTime" : 93.0,
    "minResTime" : 49.0,
    "maxResTime" : 2592.0,
    "pct1ResTime" : 434.0,
    "pct2ResTime" : 564.0,
    "pct3ResTime" : 996.95,
    "throughput" : 30.212088863824047,
    "receivedKBytesPerSec" : 63.157545658019295,
    "sentKBytesPerSec" : 4.838654857096819
  },
  "HTTP Request-0" : {
    "transaction" : "HTTP Request-0",
    "sampleCount" : 500,
    "errorCount" : 0,
    "errorPct" : 0.0,
    "meanResTime" : 97.86800000000002,
    "medianResTime" : 55.0,
    "minResTime" : 49.0,
    "maxResTime" : 417.0,
    "pct1ResTime" : 337.90000000000003,
    "pct2ResTime" : 366.95,
    "pct3ResTime" : 386.0,
    "throughput" : 10.09061371112591,
    "receivedKBytesPerSec" : 9.84944410178402,
    "sentKBytesPerSec" : 1.2120561391293818
  },
  "HTTP Request" : {
    "transaction" : "HTTP Request",
    "sampleCount" : 500,
    "errorCount" : 0,
    "errorPct" : 0.0,
    "meanResTime" : 255.8280000000002,
    "medianResTime" : 149.0,
    "minResTime" : 135.0,
    "maxResTime" : 2592.0,
    "pct1ResTime" : 559.7,
    "pct2ResTime" : 647.8,
    "pct3ResTime" : 1227.97,
    "throughput" : 10.070696287941349,
    "receivedKBytesPerSec" : 31.578772829009647,
    "sentKBytesPerSec" : 2.4193274285484097
  }
}